{"entities":{"pages":{"README":{"id":"README","title":"Web Api For VK","url":"readme.html","level":0,"tabIndex":0},"API_Reference":{"id":"API_Reference","title":"API спецификация","url":"api-reference.html","level":0,"pages":["api_User_BlockUser_DELETE","api_User_RegisterUser_POST","api_User_GetUsers_GET","api_User_GetUser_GET","api_State_CreateState_POST","api_Group_CreateGroup_POST"],"tabIndex":1},"api_User_BlockUser_DELETE":{"id":"api_User_BlockUser_DELETE","title":"Block User DELETE","url":"api-user-blockuser-delete.html","level":1,"parentId":"API_Reference","tabIndex":0},"api_User_RegisterUser_POST":{"id":"api_User_RegisterUser_POST","title":"Register User POST","url":"api-user-registeruser-post.html","level":1,"parentId":"API_Reference","tabIndex":1},"api_User_GetUsers_GET":{"id":"api_User_GetUsers_GET","title":"Get Users GET","url":"api-user-getusers-get.html","level":1,"parentId":"API_Reference","tabIndex":2},"api_User_GetUser_GET":{"id":"api_User_GetUser_GET","title":"Get User GET","url":"api-user-getuser-get.html","level":1,"parentId":"API_Reference","tabIndex":3},"api_State_CreateState_POST":{"id":"api_State_CreateState_POST","title":"Create State POST","url":"api-state-createstate-post.html","level":1,"parentId":"API_Reference","tabIndex":4},"api_Group_CreateGroup_POST":{"id":"api_Group_CreateGroup_POST","title":"Create Group POST","url":"api-group-creategroup-post.html","level":1,"parentId":"API_Reference","tabIndex":5}}},"topLevelIds":["README","API_Reference"]}